{
  "SCORE_GLOBAL_WIN": 11033.265554575144,
  "SCORE_LOCAL_WIN": 107.73863208820909,
  "SCORE_LOCAL_DRAW": -9.761714742492536,
  "POS_VALUE": [
    [
      18.55350050175778,
      10.033824164105827,
      19.429604824702487
    ],
    [
      10.851395767104318,
      28.229814534710346,
      9.929790862457068
    ],
    [
      20.500292236730186,
      11.224338655586006,
      20.02812113490434
    ]
  ],
  "POS_VALUE_LOCAL": [
    [
      1.8691027066398223,
      1.0767412612471672,
      2.071021398005199
    ],
    [
      0.9251519024087321,
      3.368771630371416,
      1.144835642811296
    ],
    [
      2.186130341597954,
      1.1206497851318749,
      1.8860885415915996
    ]
  ],
  "SCORE_POTENTIAL_LINE": 10.689495244780387,
  "SCORE_ACTIVE_GRID": 5.598257431951991
}